{"metadata":{"position":240,"normal":240,"version":3,"type":"BufferGeometry","generator":"io_three","uv":240},"data":{"attributes":{"position":{"itemSize":3,"type":"Float32Array","array":[0,0,-1,0.425323,-0.309011,-0.850654,-0.162456,-0.499995,-0.850654,0.723607,-0.525725,-0.44722,0.425323,-0.309011,-0.850654,0.850648,0,-0.525736,0,0,-1,-0.162456,-0.499995,-0.850654,-0.52573,0,-0.850652,0,0,-1,-0.52573,0,-0.850652,-0.162456,0.499995,-0.850654,0,0,-1,-0.162456,0.499995,-0.850654,0.425323,0.309011,-0.850654,0.723607,-0.525725,-0.44722,0.850648,0,-0.525736,0.949961,-0.308665,-0.000422,-0.219954,-0.96882,-0.359039,0.212991,-0.944984,-0.421054,0.002351,-0.698271,0.000233,-0.894426,0,-0.447216,-0.688189,-0.499997,-0.525736,-0.949961,-0.308665,-0.000422,-0.276388,0.850649,-0.44722,-0.688189,0.499997,-0.525736,-0.591307,0.819855,0.002176,0.480874,0.375689,-0.304142,0.262869,0.809012,-0.525738,0.591307,0.819855,0.002176,0.723607,-0.525725,-0.44722,0.949961,-0.308665,-0.000422,0.48121,-0.946993,-0.000437,-0.219954,-0.96882,-0.359039,0.002351,-0.698271,0.000233,-0.404829,-0.924479,0.000133,-0.894426,0,-0.447216,-0.949961,-0.308665,-0.000422,-0.951058,0.309013,0,-0.276388,0.850649,-0.44722,-0.591307,0.819855,0.002176,0,1.05078,0.000312,0.480874,0.375689,-0.304142,0.591307,0.819855,0.002176,0.951058,0.309013,0,0.224924,-0.882521,0.360895,0.682189,-0.496737,0.517955,0.160071,-0.517891,0.887487,-0.720083,-0.524433,0.444108,-0.21084,-0.917932,0.427764,-0.407445,-0.300624,0.854553,-0.743381,0.534704,0.475313,-0.812448,0.018497,0.503178,-0.447325,0.31221,0.888608,0.277929,0.854372,0.450057,-0.264339,0.811917,0.53079,0.143579,0.485748,0.80701,0.853608,0.014723,0.41959,0.721541,0.515658,0.576138,0.52929,0.018411,0.888912,-0.162456,-0.499995,-0.850654,0.212991,-0.944984,-0.421054,-0.219954,-0.96882,-0.359039,-0.162456,-0.499995,-0.850654,0.425323,-0.309011,-0.850654,0.212991,-0.944984,-0.421054,0.425323,-0.309011,-0.850654,0.723607,-0.525725,-0.44722,0.212991,-0.944984,-0.421054,0.850648,0,-0.525736,0.425323,0.309011,-0.850654,0.480874,0.375689,-0.304142,0.850648,0,-0.525736,0.425323,-0.309011,-0.850654,0.425323,0.309011,-0.850654,0.425323,-0.309011,-0.850654,0,0,-1,0.425323,0.309011,-0.850654,-0.52573,0,-0.850652,-0.688189,-0.499997,-0.525736,-0.894426,0,-0.447216,-0.52573,0,-0.850652,-0.162456,-0.499995,-0.850654,-0.688189,-0.499997,-0.525736,-0.162456,-0.499995,-0.850654,-0.219954,-0.96882,-0.359039,-0.688189,-0.499997,-0.525736,-0.162456,0.499995,-0.850654,-0.688189,0.499997,-0.525736,-0.276388,0.850649,-0.44722,-0.162456,0.499995,-0.850654,-0.52573,0,-0.850652,-0.688189,0.499997,-0.525736,-0.52573,0,-0.850652,-0.894426,0,-0.447216,-0.688189,0.499997,-0.525736,0.425323,0.309011,-0.850654,0.262869,0.809012,-0.525738,0.480874,0.375689,-0.304142,0.425323,0.309011,-0.850654,-0.162456,0.499995,-0.850654,0.262869,0.809012,-0.525738,-0.162456,0.499995,-0.850654,-0.276388,0.850649,-0.44722,0.262869,0.809012,-0.525738,0.949961,-0.308665,-0.000422,0.951058,0.309013,0,0.853608,0.014723,0.41959,0.949961,-0.308665,-0.000422,0.850648,0,-0.525736,0.951058,0.309013,0,0.850648,0,-0.525736,0.480874,0.375689,-0.304142,0.951058,0.309013,0,0.002351,-0.698271,0.000233,0.48121,-0.946993,-0.000437,0.224924,-0.882521,0.360895,0.002351,-0.698271,0.000233,0.212991,-0.944984,-0.421054,0.48121,-0.946993,-0.000437,0.212991,-0.944984,-0.421054,0.723607,-0.525725,-0.44722,0.48121,-0.946993,-0.000437,-0.949961,-0.308665,-0.000422,-0.404829,-0.924479,0.000133,-0.720083,-0.524433,0.444108,-0.949961,-0.308665,-0.000422,-0.688189,-0.499997,-0.525736,-0.404829,-0.924479,0.000133,-0.688189,-0.499997,-0.525736,-0.219954,-0.96882,-0.359039,-0.404829,-0.924479,0.000133,-0.591307,0.819855,0.002176,-0.951058,0.309013,0,-0.743381,0.534704,0.475313,-0.591307,0.819855,0.002176,-0.688189,0.499997,-0.525736,-0.951058,0.309013,0,-0.688189,0.499997,-0.525736,-0.894426,0,-0.447216,-0.951058,0.309013,0,0.591307,0.819855,0.002176,0,1.05078,0.000312,0.277929,0.854372,0.450057,0.591307,0.819855,0.002176,0.262869,0.809012,-0.525738,0,1.05078,0.000312,0.262869,0.809012,-0.525738,-0.276388,0.850649,-0.44722,0,1.05078,0.000312,0.48121,-0.946993,-0.000437,0.682189,-0.496737,0.517955,0.224924,-0.882521,0.360895,0.48121,-0.946993,-0.000437,0.949961,-0.308665,-0.000422,0.682189,-0.496737,0.517955,0.949961,-0.308665,-0.000422,0.853608,0.014723,0.41959,0.682189,-0.496737,0.517955,-0.404829,-0.924479,0.000133,-0.21084,-0.917932,0.427764,-0.720083,-0.524433,0.444108,-0.404829,-0.924479,0.000133,0.002351,-0.698271,0.000233,-0.21084,-0.917932,0.427764,0.002351,-0.698271,0.000233,0.224924,-0.882521,0.360895,-0.21084,-0.917932,0.427764,-0.951058,0.309013,0,-0.812448,0.018497,0.503178,-0.743381,0.534704,0.475313,-0.951058,0.309013,0,-0.949961,-0.308665,-0.000422,-0.812448,0.018497,0.503178,-0.949961,-0.308665,-0.000422,-0.720083,-0.524433,0.444108,-0.812448,0.018497,0.503178,0,1.05078,0.000312,-0.264339,0.811917,0.53079,0.277929,0.854372,0.450057,0,1.05078,0.000312,-0.591307,0.819855,0.002176,-0.264339,0.811917,0.53079,-0.591307,0.819855,0.002176,-0.743381,0.534704,0.475313,-0.264339,0.811917,0.53079,0.951058,0.309013,0,0.721541,0.515658,0.576138,0.853608,0.014723,0.41959,0.951058,0.309013,0,0.591307,0.819855,0.002176,0.721541,0.515658,0.576138,0.591307,0.819855,0.002176,0.277929,0.854372,0.450057,0.721541,0.515658,0.576138,0.160071,-0.517891,0.887487,0.52929,0.018411,0.888912,0,-0.013353,0.682995,0.160071,-0.517891,0.887487,0.682189,-0.496737,0.517955,0.52929,0.018411,0.888912,0.682189,-0.496737,0.517955,0.853608,0.014723,0.41959,0.52929,0.018411,0.888912,-0.407445,-0.300624,0.854553,0.160071,-0.517891,0.887487,0,-0.013353,0.682995,-0.407445,-0.300624,0.854553,-0.21084,-0.917932,0.427764,0.160071,-0.517891,0.887487,-0.21084,-0.917932,0.427764,0.224924,-0.882521,0.360895,0.160071,-0.517891,0.887487,-0.447325,0.31221,0.888608,-0.407445,-0.300624,0.854553,0,-0.013353,0.682995,-0.447325,0.31221,0.888608,-0.812448,0.018497,0.503178,-0.407445,-0.300624,0.854553,-0.812448,0.018497,0.503178,-0.720083,-0.524433,0.444108,-0.407445,-0.300624,0.854553,0.143579,0.485748,0.80701,-0.447325,0.31221,0.888608,0,-0.013353,0.682995,0.143579,0.485748,0.80701,-0.264339,0.811917,0.53079,-0.447325,0.31221,0.888608,-0.264339,0.811917,0.53079,-0.743381,0.534704,0.475313,-0.447325,0.31221,0.888608,0.52929,0.018411,0.888912,0.143579,0.485748,0.80701,0,-0.013353,0.682995,0.52929,0.018411,0.888912,0.721541,0.515658,0.576138,0.143579,0.485748,0.80701,0.721541,0.515658,0.576138,0.277929,0.854372,0.450057,0.143579,0.485748,0.80701]},"uv":{"itemSize":2,"type":"Float32Array",