{
    "data":{
        "attributes":{
            "position":{
                "itemSize":3,
                "array":[0,11.3573,-2e-06,0,11.3573,5,3.53553,11.3573,3.53553,0,-24.9787,5e-06,3.53553,-6.4017,3.53553,0,-6.4017,5,0,11.3573,5,0,-6.4017,5,3.53553,-6.4017,3.53553,0,11.3573,-2e-06,3.53553,11.3573,3.53553,5,11.3573,-2e-06,0,-24.9787,5e-06,5,-6.4017,1e-06,3.53553,-6.4017,3.53553,3.53553,11.3573,3.53553,3.53553,-6.4017,3.53553,5,-6.4017,1e-06,0,11.3573,-2e-06,5,11.3573,-2e-06,3.53553,11.3573,-3.53554,0,-24.9787,5e-06,3.53553,-6.4017,-3.53553,5,-6.4017,1e-06,5,11.3573,-2e-06,5,-6.4017,1e-06,3.53553,-6.4017,-3.53553,0,11.3573,-2e-06,3.53553,11.3573,-3.53554,-0,11.3573,-5,0,-24.9787,5e-06,-0,-6.4017,-5,3.53553,-6.4017,-3.53553,3.53553,11.3573,-3.53554,3.53553,-6.4017,-3.53553,-0,-6.4017,-5,0,11.3573,-2e-06,-0,11.3573,-5,-3.53553,11.3573,-3.53554,0,-24.9787,5e-06,-3.53553,-6.4017,-3.53553,-0,-6.4017,-5,-0,-6.4017,-5,-3.53553,-6.4017,-3.53553,-3.53553,11.3573,-3.53554,0,11.3573,-2e-06,-3.53553,11.3573,-3.53554,-5,11.3573,-2e-06,0,-24.9787,5e-06,-5,-6.4017,1e-06,-3.53553,-6.4017,-3.53553,-3.53553,-6.4017,-3.53553,-5,-6.4017,1e-06,-5,11.3573,-2e-06,0,11.3573,-2e-06,-5,11.3573,-2e-06,-3.53553,11.3573,3.53553,0,-24.9787,5e-06,-3.53553,-6.4017,3.53553,-5,-6.4017,1e-06,-5,-6.4017,1e-06,-3.53553,-6.4017,3.53553,-3.53553,11.3573,3.53553,0,11.3573,-2e-06,-3.53553,11.3573,3.53553,0,11.3573,5,0,-24.9787,5e-06,0,-6.4017,5,-3.53553,-6.4017,3.53553,-3.53553,-6.4017,3.53553,0,-6.4017,5,0,11.3573,5,3.53553,11.3573,3.53553,0,11.3573,5,3.53553,-6.4017,3.53553,5,11.3573,-2e-06,3.53553,11.3573,3.53553,5,-6.4017,1e-06,3.53553,11.3573,-3.53554,5,11.3573,-2e-06,3.53553,-6.4017,-3.53553,-0,11.3573,-5,3.53553,11.3573,-3.53554,-0,-6.4017,-5,-0,11.3573,-5,-0,-6.4017,-5,-3.53553,11.3573,-3.53554,-3.53553,11.3573,-3.53554,-3.53553,-6.4017,-3.53553,-5,11.3573,-2e-06,-5,11.3573,-2e-06,-5,-6.4017,1e-06,-3.53553,11.3573,3.53553,-3.53553,11.3573,3.53553,-3.53553,-6.4017,3.53553,0,11.3573,5],
                "type":"Float32Array"
            },
            "normal":{
                "itemSize":3,
                "array":[0,1,0,0,0.630238,0.77636,0.548967,0.630238,0.548967,0,-1,0,0.701346,-0.12711,0.701346,0,-0.12711,0.991882,0,0.630238,0.77636,0,-0.12711,0.991882,0.701346,-0.12711,0.701346,0,1,0,0.548967,0.630238,0.548967,0.77636,0.630238,0,0,-1,0,0.991882,-0.12711,0,0.701346,-0.12711,0.701346,0.548967,0.630238,0.548967,0.701346,-0.12711,0.701346,0.991882,-0.12711,0,0,1,0,0.77636,0.630238,0,0.548967,0.630238,-0.548967,0,-1,0,0.701346,-0.12711,-0.701346,0.991882,-0.12711,0,0.77636,0.630238,0,0.991882,-0.12711,0,0.701346,-0.12711,-0.701346,0,1,0,0.548967,0.630238,-0.548967,0,0.630238,-0.77636,0,-1,0,0,-0.12711,-0.991882,0.701346,-0.12711,-0.701346,0.548967,0.630238,-0.548967,0.701346,-0.12711,-0.701346,0,-0.12711,-0.991882,0,1,0,0,0.630238,-0.77636,-0.548967,0.630238,-0.548967,0,-1,0,-0.701346,-0.12711,-0.701346,0,-0.12711,-0.991882,0,-0.12711,-0.991882,-0.701346,-0.12711,-0.701346,-0.548967,0.630238,-0.548967,0,1,0,-0.548967,0.630238,-0.548967,-0.77636,0.630238,0,0,-1,0,-0.991882,-0.12711,0,-0.701346,-0.12711,-0.701346,-0.701346,-0.12711,-0.701346,-0.991882,-0.12711,0,-0.77636,0.630238,0,0,1,0,-0.77636,0.630238,0,-0.548967,0.630238,0.548967,0,-1,0,-0.701346,-0.12711,0.701346,-0.991882,-0.12711,0,-0.991882,-0.12711,0,-0.701346,-0.12711,0.701346,-0.548967,0.630238,0.548967,0,1,0,-0.548967,0.630238,0.548967,0,0.630238,0.77636,0,-1,0,0,-0.12711,0.991882,-0.701346,-0.12711,0.701346,-0.701346,-0.12711,0.701346,0,-0.12711,0.991882,0,0.630238,0.77636,0.548967,0.630238,0.548967,0,0.630238,0.77636,0.701346,-0.12711,0.701346,0.77636,0.630238,0,0.548967,0.630238,0.548967,0.991882,-0.12711,0,0.548967,0.630238,-0.548967,0.77636,0.630238,0,0.701346,-0.12711,-0.701346,0,0.630238,-0.77636,0.548967,0.630238,-0.548967,0,-0.12711,-0.991882,0,0.630238,-0.77636,0,-0.12711,-0.991882,-0.548967,0.630238,-0.548967,-0.548967,0.630238,-0.548967,-0.701346,-0.12711,-0.701346,-0.77636,0.630238,0,-0.77636,0.630238,0,-0.991882,-0.12711,0,-0.548967,0.630238,0.548967,-0.548967,0.630238,0.548967,-0.701346,-0.12711,0.701346,0,0.630238,0.77636],
                "type":"Float32Array"
            },
            "uv":{
                "itemSize":2,
                "array":[0.173261,0.82797,0.188699,0.670723,0.295368,0.727695,0.672635,0.885603,0.48357,0.473379,0.57354,0.44635,0.492523,0.04348,0.57354,0.44635,0.48357,0.473379,0.173261,0.82797,0.295368,0.727695,0.330508,0.843408,0.672635,0.885603,0.395046,0.514371,0.48357,0.473379,0.369118,0.071641,0.48357,0.473379,0.395046,0.514371,0.173261,0.82797,0.330508,0.843408,0.273535,0.950077,0.672635,0.885603,0.306408,0.571481,0.395046,0.514371,0.247141,0.109725,0.395046,0.514371,0.306408,0.571481,0.173261,0.82797,0.273535,0.950077,0.157823,0.985217,0.672635,0.885603,0.215062,0.648966,0.306408,0.571481,0.12694,0.156613,0.306408,0.571481,0.215062,0.648966,0.173261,0.82797,0.157823,0.985217,0.051154,0.928244,0.672635,0.885603,0.867819,0.444889,0.983977,0.475773,0.983977,0.475773,0.867819,0.444889,0.865275,0.013663,0.173261,0.82797,0.051154,0.928244,0.016013,0.812532,0.672635,0.885603,0.763516,0.431499,0.867819,0.444889,0.867819,0.444889,0.763516,0.431499,0.741005,0.016065,0.173261,0.82797,0.016013,0.812532,0.072986,0.705863,0.672635,0.885603,0.666301,0.432375,0.763516,0.431499,0.763516,0.431499,0.666301,0.432375,0.61669,0.025294,0.173261,0.82797,0.072986,0.705863,0.188699,0.670723,0.672635,0.885603,0.57354,0.44635,0.666301,0.432375,0.666301,0.432375,0.57354,0.44635,0.492523,0.04348,0.369118,0.071641,0.492523,0.04348,0.48357,0.473379,0.247141,0.109725,0.369118,0.071641,0.395046,0.514371,0.12694,0.156613,0.247141,0.109725,0.306408,0.571481,0.008176,0.210094,0.12694,0.156613,0.215062,0.648966,0.986346,0.014282,0.983977,0.475773,0.865275,0.013663,0.865275,0.013663,0.867819,0.444889,0.741005,0.016065,0.741005,0.016065,0.763516,0.431499,0.61669,0.025294,0.61669,0.025294,0.666301,0.432375,0.492523,0.04348],
                "type":"Float32Array"
            }
        }
    },
    "metadata":{
        "position":96,
        "type":"BufferGeometry",
        "version":3,
        "uv":96,
        "generator":"io_three",
        "normal":96
    }
}