{
    "metadata":{
        "type":"BufferGeometry",
        "version":3,
        "normal":72,
        "uv":72,
        "position":72,
        "generator":"io_three"
    },
    "data":{
        "attributes":{
            "position":{
                "itemSize":3,
                "array":[-0,-0,-5.1143,-0,0.814277,-2.03884,0.575781,0.575781,-2.03884,0,1,0.039099,0.575781,0.575781,-2.03884,-0,0.814277,-2.03884,-0,-0,-5.1143,0.575781,0.575781,-2.03884,0.814277,-0,-2.03884,0.707107,0.707107,0.039099,0.814277,-0,-2.03884,0.575781,0.575781,-2.03884,-0,-0,-5.1143,0.814277,-0,-2.03884,0.575781,-0.575781,-2.03884,1,-0,0.039099,0.575781,-0.575781,-2.03884,0.814277,-0,-2.03884,-0,-0,-5.1143,0.575781,-0.575781,-2.03884,-0,-0.814277,-2.03884,0.707107,-0.707107,0.039099,-0,-0.814277,-2.03884,0.575781,-0.575781,-2.03884,-0,-0,-5.1143,-0,-0.814277,-2.03884,-0.575781,-0.575781,-2.03884,-0,-1,0.039099,-0.575781,-0.575781,-2.03884,-0,-0.814277,-2.03884,-0,-0,-5.1143,-0.575781,-0.575781,-2.03884,-0.814277,-0,-2.03884,-0.575781,-0.575781,-2.03884,-1,-0,0.039099,-0.814277,-0,-2.03884,-0,-0,-5.1143,-0.814277,-0,-2.03884,-0.575781,0.575781,-2.03884,-1,-0,0.039099,-0.575781,0.575781,-2.03884,-0.814277,-0,-2.03884,-0,-0,-5.1143,-0.575781,0.575781,-2.03884,-0,0.814277,-2.03884,-0.707107,0.707107,0.039099,-0,0.814277,-2.03884,-0.575781,0.575781,-2.03884,0,1,0.039099,0.707107,0.707107,0.039099,0.575781,0.575781,-2.03884,0.707107,0.707107,0.039099,1,-0,0.039099,0.814277,-0,-2.03884,1,-0,0.039099,0.707107,-0.707107,0.039099,0.575781,-0.575781,-2.03884,0.707107,-0.707107,0.039099,-0,-1,0.039099,-0,-0.814277,-2.03884,-0,-1,0.039099,-0.707107,-0.707107,0.039099,-0.575781,-0.575781,-2.03884,-0.575781,-0.575781,-2.03884,-0.707107,-0.707107,0.039099,-1,-0,0.039099,-1,-0,0.039099,-0.707107,0.707107,0.039099,-0.575781,0.575781,-2.03884,-0.707107,0.707107,0.039099,0,1,0.039099,-0,0.814277,-2.03884],
                "type":"Float32Array"
            },
            "uv":{
                "itemSize":2,
                "array":[0.713177,0.976014,0.493017,0.012548,0.95148,0.013193,0.006154,0.010391,0.381776,0.992034,0.006122,0.992022,0.713259,0.973839,0.49412,0.015796,0.950069,0.016169,0.009316,0.013727,0.384937,0.995371,0.009283,0.995358,0.713759,0.974182,0.494042,0.014557,0.950809,0.014665,0.008048,0.010879,0.38367,0.992522,0.008016,0.99251,0.71292,0.973972,0.494839,0.012364,0.951915,0.015044,0.007735,0.010879,0.383357,0.992522,0.007703,0.99251,0.712805,0.974908,0.494832,0.012565,0.952173,0.015586,0.008295,0.009454,0.383917,0.991098,0.008263,0.991086,0.713398,0.975823,0.493164,0.014277,0.950869,0.014292,0.010551,0.992022,0.386238,0.010403,0.386205,0.992034,0.714238,0.975661,0.495302,0.01264,0.953212,0.014666,0.009316,0.010391,0.384938,0.992034,0.009284,0.992022,0.712788,0.974499,0.49383,0.014338,0.950585,0.015531,0.009003,0.013727,0.384624,0.995371,0.00897,0.995358,0.006154,0.010391,0.381808,0.010403,0.381776,0.992034,0.009316,0.013727,0.38497,0.01374,0.384937,0.995371,0.008048,0.010879,0.383702,0.010891,0.38367,0.992522,0.007735,0.010879,0.383389,0.010891,0.383357,0.992522,0.008295,0.009454,0.383949,0.009467,0.383917,0.991098,0.010551,0.992022,0.010584,0.010391,0.386238,0.010403,0.009316,0.010391,0.38497,0.010403,0.384938,0.992034,0.009003,0.013727,0.384657,0.01374,0.384624,0.995371],
                "type":"Float32Array"
            },
            "normal":{
                "itemSize":3,
                "array":[0,0,-1,0,0.985473,-0.169683,0.696829,0.696829,-0.169683,0,0.996002,-0.089022,0.696829,0.696829,-0.169683,0,0.985473,-0.169683,0,0,-1,0.696829,0.696829,-0.169683,0.985473,0,-0.169683,0.704276,0.704276,-0.089022,0.985473,0,-0.169683,0.696829,0.696829,-0.169683,0,0,-1,0.985473,0,-0.169683,0.696829,-0.696829,-0.169683,0.996002,0,-0.089022,0.696829,-0.696829,-0.169683,0.985473,0,-0.169683,0,0,-1,0.696829,-0.696829,-0.169683,0,-0.985473,-0.169683,0.704276,-0.704276,-0.089022,0,-0.985473,-0.169683,0.696829,-0.696829,-0.169683,0,0,-1,0,-0.985473,-0.169683,-0.696829,-0.696829,-0.169683,0,-0.996002,-0.089022,-0.696829,-0.696829,-0.169683,0,-0.985473,-0.169683,0,0,-1,-0.696829,-0.696829,-0.169683,-0.985473,0,-0.169683,-0.696829,-0.696829,-0.169683,-0.996002,0,-0.089022,-0.985473,0,-0.169683,0,0,-1,-0.985473,0,-0.169683,-0.696829,0.696829,-0.169683,-0.996002,0,-0.089022,-0.696829,0.696829,-0.169683,-0.985473,0,-0.169683,0,0,-1,-0.696829,0.696829,-0.169683,0,0.985473,-0.169683,-0.704276,0.704276,-0.089022,0,0.985473,-0.169683,-0.696829,0.696829,-0.169683,0,0.996002,-0.089022,0.704276,0.704276,-0.089022,0.696829,0.696829,-0.169683,0.704276,0.704276,-0.089022,0.996002,0,-0.089022,0.985473,0,-0.169683,0.996002,0,-0.089022,0.704276,-0.704276,-0.089022,0.696829,-0.696829,-0.169683,0.704276,-0.704276,-0.089022,0,-0.996002,-0.089022,0,-0.985473,-0.169683,0,-0.996002,-0.089022,-0.704276,-0.704276,-0.089022,-0.696829,-0.696829,-0.169683,-0.696829,-0.696829,-0.169683,-0.704276,-0.704276,-0.089022,-0.996002,0,-0.089022,-0.996002,0,-0.089022,-0.704276,0.704276,-0.089022,-0.696829,0.696829,-0.169683,-0.704276,0.704276,-0.089022,0,0.996002,-0.089022,0,0.985473,-0.169683],
                "type":"Float32Array"
            }
        }
    }
}