{
    "metadata":{
        "generator":"io_three",
        "type":"BufferGeometry",
        "normal":60,
        "uv":60,
        "position":60,
        "version":3
    },
    "data":{
        "attributes":{
            "uv":{
                "itemSize":2,
                "type":"Float32Array",
                "array":[0.804049,0.695589,0.679528,0.904527,0.569653,0.62709,0.679528,0.904527,0.804049,0.695589,0.974464,0.867783,0.804049,0.695589,0.569653,0.62709,0.781066,0.392875,0.804049,0.695589,0.781066,0.392875,0.985329,0.58401,0.804049,0.695589,0.985329,0.58401,0.974464,0.867783,0.171393,0.727726,0.080856,0.541397,0.518713,0.443802,0.283175,0.902142,0.171393,0.727726,0.518589,0.621608,0.477435,0.995067,0.283175,0.902142,0.602657,0.784824,0.007372,0.355746,0.044844,0.167695,0.400758,0.164409,0.080856,0.541397,0.007372,0.355746,0.353414,0.327463,0.171393,0.727726,0.518713,0.443802,0.518589,0.621608,0.283175,0.902142,0.518589,0.621608,0.602657,0.784824,0.044844,0.167695,0.228929,0.006464,0.400758,0.164409,0.007372,0.355746,0.400758,0.164409,0.353414,0.327463,0.080856,0.541397,0.353414,0.327463,0.518713,0.443802,0.914589,0.028474,0.616102,0.060182,0.717958,0.243859,0.98659,0.339132,0.914589,0.028474,0.717958,0.243859,0.647797,0.392734,0.98659,0.339132,0.717958,0.243859,0.376239,0.323095,0.647797,0.392734,0.717958,0.243859,0.616102,0.060182,0.376239,0.323095,0.717958,0.243859]
            },
            "position":{
                "itemSize":3,
                "type":"Float32Array",
                "array":[0,0,-1.70282,0.7236,-0.52572,-1.15003,-0.276385,-0.85064,-1.15003,0.7236,-0.52572,-1.15003,0,0,-1.70282,0.7236,0.52572,-1.15003,0,0,-1.70282,-0.276385,-0.85064,-1.15003,-0.724449,0,-0.630207,0,0,-1.70282,-0.724449,0,-0.630207,-0.276385,0.690046,-1.15003,0,0,-1.70282,-0.276385,0.690046,-1.15003,0.7236,0.52572,-1.15003,0.7236,-0.52572,-1.15003,0.7236,0.52572,-1.15003,0.591027,0,1.06134,-0.276385,-0.85064,-1.15003,0.7236,-0.52572,-1.15003,0.263054,-0.717893,0.623763,-0.724449,0,-0.630207,-0.276385,-0.85064,-1.15003,-0.634951,-0.500363,0.503035,-0.276385,0.690046,-1.15003,-0.724449,0,-0.630207,-0.334849,0.500363,1.06134,0.7236,0.52572,-1.15003,-0.276385,0.690046,-1.15003,0.263054,0.809611,0.523287,0.7236,-0.52572,-1.15003,0.591027,0,1.06134,0.263054,-0.717893,0.623763,-0.276385,-0.85064,-1.15003,0.263054,-0.717893,0.623763,-0.634951,-0.500363,0.503035,-0.724449,0,-0.630207,-0.634951,-0.500363,0.503035,-0.334849,0.500363,1.06134,-0.276385,0.690046,-1.15003,-0.334849,0.500363,1.06134,0.263054,0.809611,0.523287,0.7236,0.52572,-1.15003,0.263054,0.809611,0.523287,0.591027,0,1.06134,0.263054,-0.717893,0.623763,0.591027,0,1.06134,-0.144528,0,1.58747,-0.634951,-0.500363,0.503035,0.263054,-0.717893,0.623763,-0.144528,0,1.58747,-0.334849,0.500363,1.06134,-0.634951,-0.500363,0.503035,-0.144528,0,1.58747,0.263054,0.809611,0.523287,-0.334849,0.500363,1.06134,-0.144528,0,1.58747,0.591027,0,1.06134,0.263054,0.809611,0.523287,-0.144528,0,1.58747]
            },
            "normal":{
                "itemSize":3,
                "type":"Float32Array",
                "array":[-0.152165,0.027406,-0.987945,0.750603,-0.525315,-0.400739,-0.386395,-0.798578,-0.461409,0.750603,-0.525315,-0.400739,-0.152165,0.027406,-0.987945,0.719413,0.556871,-0.415052,-0.152165,0.027406,-0.987945,-0.386395,-0.798578,-0.461409,-0.978515,0.088687,-0.18598,-0.152165,0.027406,-0.987945,-0.978515,0.088687,-0.18598,-0.460768,0.761711,-0.455458,-0.152165,0.027406,-0.987945,-0.460768,0.761711,-0.455458,0.719413,0.556871,-0.415052,0.750603,-0.525315,-0.400739,0.719413,0.556871,-0.415052,0.822565,-0.001129,0.568621,-0.386395,-0.798578,-0.461409,0.750603,-0.525315,-0.400739,0.327738,-0.879482,0.345073,-0.978515,0.088687,-0.18598,-0.386395,-0.798578,-0.461409,-0.803064,-0.522477,0.286447,-0.460768,0.761711,-0.455458,-0.978515,0.088687,-0.18598,-0.555315,0.668081,0.495254,0.719413,0.556871,-0.415052,-0.460768,0.761711,-0.455458,0.308329,0.915647,0.25779,0.750603,-0.525315,-0.400739,0.822565,-0.001129,0.568621,0.327738,-0.879482,0.345073,-0.386395,-0.798578,-0.461409,0.327738,-0.879482,0.345073,-0.803064,-0.522477,0.286447,-0.978515,0.088687,-0.18598,-0.803064,-0.522477,0.286447,-0.555315,0.668081,0.495254,-0.460768,0.761711,-0.455458,-0.555315,0.668081,0.495254,0.308329,0.915647,0.25779,0.719413,0.556871,-0.415052,0.308329,0.915647,0.25779,0.822565,-0.001129,0.568621,0.327738,-0.879482,0.345073,0.822565,-0.001129,0.568621,-0.171789,-0.045503,0.984069,-0.803064,-0.522477,0.286447,0.327738,-0.879482,0.345073,-0.171789,-0.045503,0.984069,-0.555315,0.668081,0.495254,-0.803064,-0.522477,0.286447,-0.171789,-0.045503,0.984069,0.308329,0.915647,0.25779,-0.555315,0.668081,0.495254,-0.171789,-0.045503,0.984069,0.822565,-0.001129,0.568621,0.308329,0.915647,0.25779,-0.171789,-0.045503,0.984069]
            }
        }
    }
}