{
    "metadata":{
        "position":189,
        "normal":189,
        "type":"BufferGeometry",
        "version":3,
        "generator":"io_three",
        "uv":189
    },
    "data":{
        "attributes":{
            "normal":{
                "itemSize":3,
                "array":[0.475387,0.879757,0,0.172887,0.974181,0.145054,0.225684,0.974181,0,0.364177,0.879757,0.305582,0.039186,0.974181,0.222266,0.172887,0.974181,0.145054,0.364177,0.879757,0.305582,0.13187,0.650533,0.747917,0.082553,0.879757,0.468184,0.039186,0.974181,0.222266,0.13126,0.985198,0.110141,0.172887,0.974181,0.145054,0.082553,0.879757,0.468184,-0.112827,0.974181,0.195441,0.039186,0.974181,0.222266,0.082553,0.879757,0.468184,-0.379711,0.650533,0.657704,-0.237678,0.879757,0.411695,-0.112827,0.974181,0.195441,0.029756,0.985198,0.168767,0.039186,0.974181,0.222266,-0.237678,0.879757,0.411695,-0.212073,0.974181,0.077181,-0.112827,0.974181,0.195441,-0.237678,0.879757,0.411695,-0.713645,0.650533,0.259743,-0.44673,0.879757,0.162572,-0.212073,0.974181,0.077181,-0.085665,0.985198,0.148412,-0.112827,0.974181,0.195441,-0.44673,0.879757,0.162572,-0.212073,0.974181,-0.077181,-0.212073,0.974181,0.077181,-0.44673,0.879757,0.162572,-0.713645,0.650533,-0.259743,-0.44673,0.879757,-0.162572,-0.212073,0.974181,-0.077181,-0.161016,0.985198,0.058596,-0.212073,0.974181,0.077181,-0.44673,0.879757,-0.162572,-0.112827,0.974181,-0.195441,-0.212073,0.974181,-0.077181,-0.44673,0.879757,-0.162572,-0.379711,0.650533,-0.657704,-0.237678,0.879757,-0.411695,-0.112827,0.974181,-0.195441,-0.161016,0.985198,-0.058596,-0.212073,0.974181,-0.077181,0.039186,0.974181,-0.222266,-0.085665,0.985198,-0.148412,-0.112827,0.974181,-0.195441,-0.237678,0.879757,-0.411695,0.039186,0.974181,-0.222266,-0.112827,0.974181,-0.195441,-0.237678,0.879757,-0.411695,0.13187,0.650533,-0.747917,0.082553,0.879757,-0.468184,0.172887,0.974181,-0.145054,0.029756,0.985198,-0.168767,0.039186,0.974181,-0.222266,0.082553,0.879757,-0.468184,0.172887,0.974181,-0.145054,0.039186,0.974181,-0.222266,0.082553,0.879757,-0.468184,0.581774,0.650533,-0.488174,0.364177,0.879757,-0.305582,0.759453,0.650533,0,0.364177,0.879757,0.305582,0.475387,0.879757,0,0.172887,0.974181,0.145054,0.171361,0.985198,0,0.225684,0.974181,0,0,1,0,0.581774,0.650533,0.488174,0.759453,0.650533,0,0,1,0,0.13187,0.650533,0.747917,0.581774,0.650533,0.488174,0,1,0,-0.379711,0.650533,0.657704,0.13187,0.650533,0.747917,0,1,0,-0.713645,0.650533,0.259743,-0.379711,0.650533,0.657704,0,1,0,-0.713645,0.650533,-0.259743,-0.713645,0.650533,0.259743,0,1,0,-0.379711,0.650533,-0.657704,-0.713645,0.650533,-0.259743,0,1,0,0.13187,0.650533,-0.747917,-0.379711,0.650533,-0.657704,0,1,0,0.581774,0.650533,-0.488174,0.13187,0.650533,-0.747917,0.225684,0.974181,0,0.13126,0.985198,-0.110141,0.172887,0.974181,-0.145054,0,1,0,0.759453,0.650533,0,0.581774,0.650533,-0.488174,0.364177,0.879757,-0.305582,0.225684,0.974181,0,0.172887,0.974181,-0.145054,0.581774,0.650533,-0.488174,0.475387,0.879757,0,0.364177,0.879757,-0.305582,0.475387,0.879757,0,0.364177,0.879757,0.305582,0.172887,0.974181,0.145054,0.364177,0.879757,0.305582,0.082553,0.879757,0.468184,0.039186,0.974181,0.222266,0.364177,0.879757,0.305582,0.581774,0.650533,0.488174,0.13187,0.650533,0.747917,0.039186,0.974181,0.222266,0.029756,0.985198,0.168767,0.13126,0.985198,0.110141,0.082553,0.879757,0.468184,-0.237678,0.879757,0.411695,-0.112827,0.974181,0.195441,0.082553,0.879757,0.468184,0.13187,0.650533,0.747917,-0.379711,0.650533,0.657704,-0.112827,0.974181,0.195441,-0.085665,0.985198,0.148412,0.029756,0.985198,0.168767,-0.237678,0.879757,0.411695,-0.44673,0.879757,0.162572,-0.212073,0.974181,0.077181,-0.237678,0.879757,0.411695,-0.379711,0.650533,0.657704,-0.713645,0.650533,0.259743,-0.212073,0.974181,0.077181,-0.161016,0.985198,0.058596,-0.085665,0.985198,0.148412,-0.44673,0.879757,0.162572,-0.44673,0.879757,-0.162572,-0.212073,0.974181,-0.077181,-0.44673,0.879757,0.162572,-0.713645,0.650533,0.259743,-0.713645,0.650533,-0.259743,-0.212073,0.974181,-0.077181,-0.161016,0.985198,-0.058596,-0.161016,0.985198,0.058596,-0.44673,0.879757,-0.162572,-0.237678,0.879757,-0.411695,-0.112827,0.974181,-0.195441,-0.44673,0.879757,-0.162572,-0.713645,0.650533,-0.259743,-0.379711,0.650533,-0.657704,-0.112827,0.974181,-0.195441,-0.085665,0.985198,-0.148412,-0.161016,0.985198,-0.058596,0.039186,0.974181,-0.222266,0.029756,0.985198,-0.168767,-0.085665,0.985198,-0.148412,-0.237678,0.879757,-0.411695,0.082553,0.879757,-0.468184,0.039186,0.974181,-0.222266,-0.237678,0.879757,-0.411695,-0.379711,0.650533,-0.657704,0.13187,0.650533,-0.747917,0.172887,0.974181,-0.145054,0.13126,0.985198,-0.110141,0.029756,0.985198,-0.168767,0.082553,0.879757,-0.468184,0.364177,0.879757,-0.305582,0.172887,0.974181,-0.145054,0.082553,0.879757,-0.468184,0.13187,0.650533,-0.747917,0.581774,0.650533,-0.488174,0.759453,0.650533,0,0.581774,0.650533,0.488174,0.364177,0.879757,0.305582,0.172887,0.974181,0.145054,0.13126,0.985198,0.110141,0.171361,0.985198,0,0.225684,0.974181,0,0.171361,0.985198,0,0.13126,0.985198,-0.110141,0.364177,0.879757,-0.305582,0.475387,0.879757,0,0.225684,0.974181,0,0.581774,0.650533,-0.488174,0.759453,0.650533,0,0.475387,0.879757,0],
                "type":"Float32Array"
            },
            "position":{
                "itemSize":3,