{
    "metadata": {
        "version": 3,
        "normal": 180,
        "position": 180,
        "uv": 180,
        "type": "BufferGeometry",
        "generator": "io_three"
    },
    "data": {
        "attributes": {
            "normal": {
                "itemSize": 3,
                "array": [0,0,1,0.490402,0.28312,0.824213,0,0.566271,0.824213,0,0.566271,0.824213,0.490402,0.28312,0.824213,0.832545,0.480667,0.275307,0,0,1,0.490402,-0.28312,0.824213,0.490402,0.28312,0.824213,0.490402,0.28312,0.824213,0.490402,-0.28312,0.824213,0.832545,-0.480667,0.275307,0,0,1,0,-0.566271,0.824213,0.490402,-0.28312,0.824213,0.490402,-0.28312,0.824213,0,-0.566271,0.824213,0,-0.961333,0.275307,0,0,1,-0.490402,-0.28312,0.824213,0,-0.566271,0.824213,0,-0.566271,0.824213,-0.490402,-0.28312,0.824213,-0.832545,-0.480667,0.275307,0,0,1,-0.490402,0.28312,0.824213,-0.490402,-0.28312,0.824213,-0.490402,-0.28312,0.824213,-0.490402,0.28312,0.824213,-0.832545,0.480667,0.275307,0,0,1,0,0.566271,0.824213,-0.490402,0.28312,0.824213,-0.832545,0.480667,0.275307,-0.490402,0.28312,0.824213,0,0.566271,0.824213,-0.832545,0.480667,0.275307,0,0.961333,0.275307,0,0.999969,0,-0.832545,-0.480667,0.275307,-0.832545,0.480667,0.275307,-0.866024,0.499985,0,0,-0.961333,0.275307,-0.832545,-0.480667,0.275307,-0.866024,-0.499985,0,0.866024,-0.499985,0,0.832545,-0.480667,0.275307,0,-0.961333,0.275307,0.832545,0.480667,0.275307,0.832545,-0.480667,0.275307,0.866024,-0.499985,0,0,0.961333,0.275307,0.832545,0.480667,0.275307,0.866024,0.499985,0,0,0,-1,0,0.566271,-0.824213,0.490402,0.28312,-0.824213,0.832545,0.480667,-0.275307,0.490402,0.28312,-0.824213,0,0.566271,-0.824213,0,0,-1,0.490402,0.28312,-0.824213,0.490402,-0.28312,-0.824213,0.832545,-0.480667,-0.275307,0.490402,-0.28312,-0.824213,0.490402,0.28312,-0.824213,0,0,-1,0.490402,-0.28312,-0.824213,0,-0.566271,-0.824213,0,-0.961333,-0.275307,0,-0.566271,-0.824213,0.490402,-0.28312,-0.824213,0,0,-1,0,-0.566271,-0.824213,-0.490402,-0.28312,-0.824213,-0.832545,-0.480667,-0.275307,-0.490402,-0.28312,-0.824213,0,-0.566271,-0.824213,0,0,-1,-0.490402,-0.28312,-0.824213,-0.490402,0.28312,-0.824213,-0.832545,0.480667,-0.275307,-0.490402,0.28312,-0.824213,-0.490402,-0.28312,-0.824213,0,0,-1,-0.490402,0.28312,-0.824213,0,0.566271,-0.824213,-0.832545,0.480667,-0.275307,0,0.961333,-0.275307,0,0.566271,-0.824213,0,0.999969,0,0,0.961333,-0.275307,-0.832545,0.480667,-0.275307,-0.866024,0.499985,0,-0.832545,0.480667,-0.275307,-0.832545,-0.480667,-0.275307,-0.866024,-0.499985,0,-0.832545,-0.480667,-0.275307,0,-0.961333,-0.275307,0.866024,-0.499985,0,0,-0.999969,0,0,-0.961333,-0.275307,0.866024,-0.499985,0,0.832545,-0.480667,-0.275307,0.832545,0.480667,-0.275307,0.866024,0.499985,0,0.832545,0.480667,-0.275307,0,0.961333,-0.275307,0,0.961333,0.275307,0,0.566271,0.824213,0.832545,0.480667,0.275307,0.832545,0.480667,0.275307,0.490402,0.28312,0.824213,0.832545,-0.480667,0.275307,0.832545,-0.480667,0.275307,0.490402,-0.28312,0.824213,0,-0.961333,0.275307,0,-0.961333,0.275307,0,-0.566271,0.824213,-0.832545,-0.480667,0.275307,-0.832545,-0.480667,0.275307,-0.490402,-0.28312,0.824213,-0.832545,0.480667,0.275307,0,0.961333,0.275307,-0.832545,0.480667,0.275307,0,0.566271,0.824213,-0.866024,0.499985,0,-0.832545,0.480667,0.275307,0,0.999969,0,-0.866024,-0.499985,0,-0.832545,-0.480667,0.275307,-0.866024,0.499985,0,0,-0.999969,0,0,-0.961333,0.275307,-0.866024,-0.499985,0,0,-0.999969,0,0.866024,-0.499985,0,0,-0.961333,0.275307,0.866024,0.499985,0,0.832545,0.480667,0.275307,0.866024,-0.499985,0,0,0.999969,0,0,0.961333,0.275307,0.866024,0.499985,0,0,0.961333,-0.275307,0.832545,0.480667,-0.275307,0,0.566271,-0.824213,0.832545,0.480667,-0.275307,0.832545,-0.480667,-0.275307,0.490402,0.28312,-0.824213,0.832545,-0.480667,-0.275307,0,-0.961333,-0.275307,0.490402,-0.28312,-0.824213,0,-0.961333,-0.275307,-0.832545,-0.480667,-0.275307,0,-0.566271,-0.824213,-0.832545,-0.480667,-0.275307,-0.832545,0.480667,-0.275307,-0.490402,-0.28312,-0.824213,-0.490402,0.28312,-0.824213,-0.832545,0.480667,-0.275307,0,0.566271,-0.824213,-0.866024,0.499985,0,0,0.999969,0,-0.832545,0.480667,-0.275307,-0.866024,-0.499985,0,-0.866024,0.499985,0,-0.832545,-0.480667,-0.275307,0,-0.999969,0,-0.866024,-0.499985,0,0,-0.961333,-0.275307,0.832545,-0.480667,-0.275307,0.866024,-0.499985,0,0,-0.961333,-0.275307,0.866024,0.499985,0,0.866024,-0.499985,0,0.832545,0.480667,-0.275307,0,0.999969,0,0.866024,0.499985,0,0,0.961333,-0.275307],
                "type": "Float32Array"
            },
            "position": {
                "itemSize": 3,