{
    "data":{
        "attributes":{
            "position":{
                "itemSize":3,
                "type":"Float32Array",
                "array":[2.6236,0.182958,0.295782,2.6236,-0.182958,0.295782,3.3325,-0.341407,0.55194,3.3325,0.341407,-0.55194,2.6236,0.182958,-0.295782,2.6236,0.182958,0.295782,3.47645,0.230865,0.373232,3.47645,-0.230865,0.373232,3.47645,-0.230865,-0.373232,3.3325,0.341407,0.55194,3.47645,0.230865,0.373232,3.47645,0.230865,-0.373232,3.3325,0.341407,-0.55194,3.47645,0.230865,-0.373232,3.47645,-0.230865,-0.373232,3.3325,-0.341407,0.55194,3.47645,-0.230865,0.373232,3.47645,0.230865,0.373232,3.3325,0.341407,0.55194,2.6236,0.182958,0.295782,3.3325,-0.341407,0.55194,3.3325,0.341407,0.55194,3.3325,0.341407,-0.55194,2.6236,0.182958,0.295782,3.47645,0.230865,-0.373232,3.47645,0.230865,0.373232,3.47645,-0.230865,-0.373232,3.3325,0.341407,-0.55194,3.3325,0.341407,0.55194,3.47645,0.230865,-0.373232,3.3325,-0.341407,-0.55194,3.3325,0.341407,-0.55194,3.47645,-0.230865,-0.373232,3.3325,0.341407,0.55194,3.3325,-0.341407,0.55194,3.47645,0.230865,0.373232,3.19797,-0.221528,-0.543356,2.86937,-0.221528,-1.65139,2.87046,0.19781,-1.65782,2.6236,0.182958,-0.295782,3.3325,0.341407,-0.55194,3.19797,0.19781,-0.543356,2.6236,-0.182958,-0.295782,2.6236,0.182958,-0.295782,2.76261,0.100502,-0.386042,3.3325,-0.341407,-0.55194,3.19797,-0.221528,-0.543356,3.19797,0.19781,-0.543356,2.76261,0.100502,-0.386042,2.4274,0.100502,-1.50643,2.42682,-0.12422,-1.50299,2.76261,0.100502,-0.386042,3.19797,0.19781,-0.543356,2.87046,0.19781,-1.65782,3.19797,0.19781,-0.543356,3.19797,-0.221528,-0.543356,2.87046,0.19781,-1.65782,2.76261,0.100502,-0.386042,2.6236,0.182958,-0.295782,3.19797,0.19781,-0.543356,2.76261,-0.12422,-0.386042,2.6236,-0.182958,-0.295782,2.76261,0.100502,-0.386042,3.3325,0.341407,-0.55194,3.3325,-0.341407,-0.55194,3.19797,0.19781,-0.543356,2.76261,-0.12422,-0.386042,2.76261,0.100502,-0.386042,2.42682,-0.12422,-1.50299,2.4274,0.100502,-1.50643,2.76261,0.100502,-0.386042,2.87046,0.19781,-1.65782,2.6236,0.182958,0.295782,2.68724,0.093807,0.151655,2.68724,-0.093807,0.151655,2.68724,0.093807,-0.151655,2.68724,-0.093807,-0.151655,2.68724,-0.093807,0.151655,2.6236,-0.182958,0.295782,2.68724,-0.093807,0.151655,2.68724,-0.093807,-0.151655,2.6236,0.182958,-0.295782,2.68724,0.093807,-0.151655,2.68724,0.093807,0.151655,2.6236,-0.182958,-0.295782,2.68724,-0.093807,-0.151655,2.68724,0.093807,-0.151655,2.80089,0.353554,0.165582,3.48234,0.698149,0.165582,3.48234,0.698149,-0.165582,3.8553,0.698149,-0.165582,3.48234,0.698149,-0.165582,3.48234,0.698149,0.165582,3.8553,-0.409051,-0.165582,3.8553,0.698149,-0.165582,3.86328,0.698149,0.165582,3.86328,0.698149,0.165582,3.48234,0.698149,0.165582,3.49671,-0.409051,0.165582,3.49671,-0.409051,-0.165582,3.48234,0.698149,-0.165582,3.8553,0.698149,-0.165582,2.6236,-0.182958,0.295782,2.6236,0.182958,0.295782,2.68724,-0.093807,0.151655,2.68724,0.093807,0.151655,2.68724,0.093807,-0.151655,2.68724,-0.093807,0.151655,2.6236,-0.182958,-0.295782,2.6236,-0.182958,0.295782,2.68724,-0.093807,-0.151655,2.6236,0.182958,0.295782,2.6236,0.182958,-0.295782,2.68724,0.093807,0.151655,2.6236,0.182958,-0.295782,2.6236,-0.182958,-0.295782,2.68724,0.093807,-0.151655,2.80089,0.353554,-0.165582,2.80089,0.353554,0.165582,3.48234,0.698149,-0.165582,3.86328,0.698149,0.165582,3.8553,0.698149,-0.165582,3.48234,0.698149,0.165582,3.86328,-0.409051,0.165582,3.8553,-0.409051,-0.165582,3.86328,0.698149,0.165582,2.80089,0.353554,0.165582,3.49671,-0.409051,0.165582,3.48234,0.698149,0.165582,3.86328,-0.409051,0.165582,3.86328,0.698149,0.165582,3.49671,-0.409051,0.165582,3.8553,0.698149,-0.165582,3.8553,-0.409051,-0.165582,3.49671,-0.409051,-0.165582,3.49671,-0.409051,-0.165582,2.80089,0.353554,-0.165582,3.48234,0.698149,-0.165582]
            },
            "uv":{
                "itemSize":2,
                "type":"Float32Array",
                "array":[0.453896,0.115445,0.54581,0.124359,0.559902,0.39333,0.909961,0.445296,0.592305,0.397607,0.592305,0.287476,0.865878,0.056751,0.865878,0.19572,0.72691,0.19572,0.909961,0.239787,0.98189,0.273057,0.98189,0.412026,0.654981,0.023481,0.72691,0.056751,0.72691,0.19572,0.937807,0.22899,0.865878,0.19572,0.865878,0.056751,0.388387,0.376698,0.453896,0.115445,0.559902,0.39333,0.909961,0.239787,0.909961,0.445296,0.592305,0.287476,0.72691,0.056751,0.865878,0.056751,0.72691,0.19572,0.909961,0.445296,0.909961,0.239787,0.98189,0.412026,0.654981,0.22899,0.654981,0.023481,0.72691,0.19572,0.937807,0.023481,0.937807,0.22899,0.865878,0.056751,0.393941,0.855594,0.583311,0.797618,0.546365,0.676938,0.336724,0.066983,0.654981,0.023481,0.59536,0.0667,0.333923,0.177079,0.336724,0.066983,0.399908,0.093416,0.654981,0.22899,0.59536,0.192909,0.59536,0.0667,0.40685,0.544047,0.59622,0.486072,0.576421,0.4214,0.40685,0.544047,0.356995,0.734913,0.546365,0.676938,0.356995,0.734913,0.393941,0.855594,0.546365,0.676938,0.399908,0.093416,0.336724,0.066983,0.59536,0.0667,0.398188,0.16103,0.333923,0.177079,0.399908,0.093416,0.654981,0.023481,0.654981,0.22899,0.59536,0.0667,0.387051,0.479375,0.40685,0.544047,0.576421,0.4214,0.59622,0.486072,0.40685,0.544047,0.546365,0.676938,0.173696,0.026651,0.25045,0.025376,0.303742,0.099994,0.956718,0.644909,0.784883,0.644909,0.784883,0.473074,0.654912,0.860073,0.652451,0.744581,0.764359,0.66386,0.613456,0.43341,0.719423,0.475661,0.749716,0.608517,0.952736,0.691517,0.960159,0.785257,0.873005,0.856111,0.990395,0.991642,0.48185,0.990237,0.482122,0.892018,0.218891,0.891291,0.482122,0.892018,0.48185,0.990237,0.333466,0.532644,0.000228,0.532644,0.000228,0.47089,0.000228,0.47089,0.000229,0.302125,0.333466,0.308491,0.333466,0.691509,0.000228,0.697875,0.000228,0.532644,0.277634,0.172183,0.173696,0.026651,0.303742,0.099994,0.956718,0.473074,0.956718,0.644909,0.784883,0.473074,0.873175,0.702637,0.654912,0.860073,0.764359,0.66386,0.672538,0.692527,0.613456,0.43341,0.749716,0.608517,0.782754,0.829708,0.952736,0.691517,0.873005,0.856111,0.990666,0.893422,0.990395,0.991642,0.482122,0.892018,0.212989,0.989494,0.218891,0.891291,0.48185,0.990237,0.333466,0.47089,0.333466,0.532644,0.000228,0.47089,0.103943,0.000228,0.333466,0.308491,0.000229,0.302125,0.333466,0.47089,0.000228,0.47089,0.333466,0.308491,0.000228,0.532644,0.333466,0.532644,0.333466,0.691509,0.333466,0.691509,0.103942,0.999772,0.000228,0.697875]
            },
            "normal":{
                "itemSize":3,
                "type":"Float32Array",