{
    "metadata":{
        "type":"BufferGeometry",
        "version":3,
        "normal":72,
        "uv":72,
        "position":72,
        "generator":"io_three"
    },
    "data":{
        "attributes":{
            "position":{
                "itemSize":3,
                "array":[0,-0,-1.99532,0,1,-1.99532,0.707107,0.707107,-1.99532,0,1.24593,0.004684,0.707107,0.707107,-1.99532,0,1,-1.99532,0,-0,-1.99532,0.707107,0.707107,-1.99532,1,-0,-1.99532,0.881005,0.881005,0.004684,1,-0,-1.99532,0.707107,0.707107,-1.99532,0,-0,-1.99532,1,-0,-1.99532,0.707107,-0.707107,-1.99532,1.24593,-0,0.004684,0.707107,-0.707107,-1.99532,1,-0,-1.99532,0,-0,-1.99532,0.707107,-0.707107,-1.99532,-0,-1,-1.99532,0.881005,-0.881005,0.004684,-0,-1,-1.99532,0.707107,-0.707107,-1.99532,0,-0,-1.99532,-0,-1,-1.99532,-0.707107,-0.707107,-1.99532,-0,-1.24593,0.004684,-0.707107,-0.707107,-1.99532,-0,-1,-1.99532,0,-0,-1.99532,-0.707107,-0.707107,-1.99532,-1,-0,-1.99532,-0.881005,-0.881005,0.004684,-1,-0,-1.99532,-0.707107,-0.707107,-1.99532,0,-0,-1.99532,-1,-0,-1.99532,-0.707107,0.707107,-1.99532,-1.24593,-0,0.004684,-0.707107,0.707107,-1.99532,-1,-0,-1.99532,0,-0,-1.99532,-0.707107,0.707107,-1.99532,0,1,-1.99532,-0.881005,0.881005,0.004684,0,1,-1.99532,-0.707107,0.707107,-1.99532,0,1.24593,0.004684,0.881005,0.881005,0.004684,0.707107,0.707107,-1.99532,0.881005,0.881005,0.004684,1.24593,-0,0.004684,1,-0,-1.99532,1.24593,-0,0.004684,0.881005,-0.881005,0.004684,0.707107,-0.707107,-1.99532,0.881005,-0.881005,0.004684,-0,-1.24593,0.004684,-0,-1,-1.99532,-0,-1.24593,0.004684,-0.881005,-0.881005,0.004684,-0.707107,-0.707107,-1.99532,-0.881005,-0.881005,0.004684,-1.24593,-0,0.004684,-1,-0,-1.99532,-1.24593,-0,0.004684,-0.881005,0.881005,0.004684,-0.707107,0.707107,-1.99532,-0.881005,0.881005,0.004684,0,1.24593,0.004684,0,1,-1.99532],
                "type":"Float32Array"
            },
            "uv":{
                "itemSize":2,
                "array":[0.473708,0.758708,0.475957,0.044028,0.980653,0.254944,0.386222,0.994429,0.010568,0.012797,0.386222,0.012797,0.47435,0.757361,0.476348,0.046603,0.978344,0.256191,0.38306,0.991092,0.007406,0.009461,0.38306,0.009461,0.474813,0.757808,0.476576,0.045778,0.97954,0.255574,0.384328,0.99394,0.008674,0.012309,0.384328,0.012309,0.473942,0.757289,0.47801,0.044747,0.980662,0.256323,0.384641,0.99394,0.008987,0.012309,0.384641,0.012309,0.473578,0.757832,0.477952,0.044873,0.980809,0.256786,0.38408,0.995365,0.008427,0.013734,0.38408,0.013734,0.473999,0.758688,0.47568,0.045197,0.979701,0.255363,0.381792,0.994429,0.006138,0.012797,0.381792,0.012797,0.474966,0.75897,0.47845,0.045136,0.982186,0.256677,0.38306,0.994429,0.007406,0.012797,0.38306,0.012797,0.473664,0.757564,0.476399,0.045542,0.979074,0.256022,0.383373,0.991092,0.007719,0.009461,0.383373,0.009461,0.386222,0.994429,0.010568,0.994429,0.010568,0.012797,0.38306,0.991092,0.007406,0.991092,0.007406,0.009461,0.384328,0.99394,0.008674,0.993941,0.008674,0.012309,0.384641,0.99394,0.008987,0.993941,0.008987,0.012309,0.38408,0.995365,0.008427,0.995365,0.008427,0.013734,0.381792,0.994429,0.006138,0.994429,0.006138,0.012797,0.38306,0.994429,0.007406,0.994429,0.007406,0.012797,0.383373,0.991092,0.007719,0.991092,0.007719,0.009461],
                "type":"Float32Array"
            },
            "normal":{
                "itemSize":3,
                "array":[0,0,-1,0,0.737236,-0.675588,0.521317,0.521317,-0.675588,0,0.992523,-0.122044,0.521317,0.521317,-0.675588,0,0.737236,-0.675588,0,0,-1,0.521317,0.521317,-0.675588,0.737236,0,-0.675588,0.701804,0.701804,-0.122044,0.737236,0,-0.675588,0.521317,0.521317,-0.675588,0,0,-1,0.737236,0,-0.675588,0.521317,-0.521317,-0.675588,0.992523,0,-0.122044,0.521317,-0.521317,-0.675588,0.737236,0,-0.675588,0,0,-1,0.521317,-0.521317,-0.675588,0,-0.737236,-0.675588,0.701804,-0.701804,-0.122044,0,-0.737236,-0.675588,0.521317,-0.521317,-0.675588,0,0,-1,0,-0.737236,-0.675588,-0.521317,-0.521317,-0.675588,0,-0.992523,-0.122044,-0.521317,-0.521317,-0.675588,0,-0.737236,-0.675588,0,0,-1,-0.521317,-0.521317,-0.675588,-0.737236,0,-0.675588,-0.701804,-0.701804,-0.122044,-0.737236,0,-0.675588,-0.521317,-0.521317,-0.675588,0,0,-1,-0.737236,0,-0.675588,-0.521317,0.521317,-0.675588,-0.992523,0,-0.122044,-0.521317,0.521317,-0.675588,-0.737236,0,-0.675588,0,0,-1,-0.521317,0.521317,-0.675588,0,0.737236,-0.675588,-0.701804,0.701804,-0.122044,0,0.737236,-0.675588,-0.521317,0.521317,-0.675588,0,0.992523,-0.122044,0.701804,0.701804,-0.122044,0.521317,0.521317,-0.675588,0.701804,0.701804,-0.122044,0.992523,0,-0.122044,0.737236,0,-0.675588,0.992523,0,-0.122044,0.701804,-0.701804,-0.122044,0.521317,-0.521317,-0.675588,0.701804,-0.701804,-0.122044,0,-0.992523,-0.122044,0,-0.737236,-0.675588,0,-0.992523,-0.122044,-0.701804,-0.701804,-0.122044,-0.521317,-0.521317,-0.675588,-0.701804,-0.701804,-0.122044,-0.992523,0,-0.122044,-0.737236,0,-0.675588,-0.992523,0,-0.122044,-0.701804,0.701804,-0.122044,-0.521317,0.521317,-0.675588,-0.701804,0.701804,-0.122044,0,0.992523,-0.122044,0,0.737236,-0.675588],
                "type":"Float32Array"
            }
        }
    }
}